{"lr": 0.00999810658121334, "data_time": 0.02105405330657959, "loss": 3.400958037376404, "decode.loss_ce": 2.3494764804840087, "decode.acc_seg": 19.212804794311523, "aux.loss_ce": 1.0514815628528595, "aux.acc_seg": 19.14248275756836, "time": 3.0300647258758544, "iter": 18, "memory": 1518, "step": 18}
{"lr": 0.009994542389608127, "data_time": 0.018764281272888185, "loss": 2.2201741456985475, "decode.loss_ce": 1.4634706139564515, "decode.acc_seg": 70.3053207397461, "aux.loss_ce": 0.7567035496234894, "aux.acc_seg": 44.585594177246094, "time": 2.993864059448242, "iter": 50, "memory": 1518, "step": 50}
{"lr": 0.009988973054603395, "data_time": 0.02390892505645752, "loss": 1.817407739162445, "decode.loss_ce": 1.2039329707622528, "decode.acc_seg": 77.26114654541016, "aux.loss_ce": 0.6134747803211212, "aux.acc_seg": 74.61056518554688, "time": 2.9719765901565554, "iter": 100, "memory": 1518, "step": 100}
{"lr": 0.00998340337106865, "data_time": 0.022821855545043946, "loss": 1.5013359785079956, "decode.loss_ce": 0.9765355348587036, "decode.acc_seg": 58.58829116821289, "aux.loss_ce": 0.5248004168272018, "aux.acc_seg": 36.79283905029297, "time": 3.2330345630645754, "iter": 150, "memory": 1518, "step": 150}
{"lr": 0.009977833338763812, "data_time": 0.013368582725524903, "loss": 1.2403513431549071, "decode.loss_ce": 0.8086300551891327, "decode.acc_seg": 85.17723846435547, "aux.loss_ce": 0.43172129392623904, "aux.acc_seg": 78.71497344970703, "time": 3.4110307931900024, "iter": 200, "memory": 1518, "step": 200}
