{"aAcc": 48.03, "mIoU": 6.95, "mAcc": 11.73, "data_time": 0.2272780736287435, "time": 3.404706358909607}